{"videos": {"_type": "video-file", "sha256": "8ad4827c932c2676f6890abc3aaa68a257d86582d0c8fc91c67046b2d733b3b2", "size": 23484, "path": "media/videos/videos_0_8ad4827c932c2676f689.mp4"}, "_timestamp": 1694162751.561437, "_runtime": 173.64215779304504, "_step": 342, "global_step": 17799048, "charts/episodic_return": -6.631871223449707, "charts/episodic_length": 969.0, "charts/learning_rate": 0.00022219120000954717, "losses/value_loss": 0.0030107819475233555, "losses/policy_loss": -0.0011172248050570488, "losses/entropy": 0.5331882834434509, "charts/SPS": 110230.0}